timestamp,count
2025-07-29T13:44:26.429075,1
2025-07-29T13:46:13.123311,2
2025-07-29T13:46:33.263294,3
2025-07-29T13:59:50.070362,1
2025-07-29T14:00:19.172057,2
2025-07-29T14:00:49.211794,3
2025-07-30T00:47:36.226162,1
2025-07-30T00:47:50.407730,2
2025-07-30T00:48:34.723310,3
2025-07-30T01:04:33.492024,1
2025-07-30T01:04:47.919395,2
2025-07-30T01:05:03.120513,3
2025-07-30T01:05:18.194290,4
2025-07-30T01:06:21.056826,5
2025-07-30T12:06:33.915242,1
2025-07-30T12:13:46.170391,1
2025-07-30T12:14:32.536306,2
2025-07-30T12:14:54.624546,3
2025-07-30T12:15:25.402793,4
2025-07-30T12:15:39.907685,5
2025-08-02T16:27:00.033211,1
2025-08-02T16:27:08.604149,2
